concept;amount;date;provider;category;receiptUrl;user_email
Disintermediate 24/7 relationships;922.9;2024-12-23;Delacruz, Lewis and Macias;Transporte;;baileyhill@oliver-fowler.com
Implement distributed paradigms;1425.67;2025-03-22;Hopkins, Porter and Lee;Suministros;;baileyhill@oliver-fowler.com
Matrix integrated e-tailers;1239.03;2025-01-13;Hess, Bray and Williams;Oficina;;carriesmith@wilson.com
Empower integrated deliverables;1423.29;2024-08-19;Goodwin, Barrett and Wilson;Oficina;;baileyhill@oliver-fowler.com
Implement compelling functionalities;191.33;2025-05-21;Ward Inc;Oficina;;carriesmith@wilson.com
Architect plug-and-play interfaces;879.06;2024-09-27;Smith-Conley;Suministros;;bburke@hotmail.com
Strategize synergistic convergence;1294.79;2024-08-03;Gill, Johnson and Stone;Transporte;;zvaldez@henry.com
Syndicate customized relationships;1330.8;2024-11-13;Thornton LLC;Suministros;;brownlance@chavez.com
Evolve world-class channels;1410.81;2024-11-11;James PLC;Transporte;;carriesmith@wilson.com
Optimize world-class relationships;1016.83;2025-05-29;Garcia, Conley and Anderson;Suministros;;carriesmith@wilson.com
Disintermediate dynamic platforms;87.84;2025-07-05;Stevens, Frye and Hawkins;Otros;;baileyhill@oliver-fowler.com
Visualize customized technologies;1235.81;2025-01-16;Underwood LLC;Oficina;;dylanpatrick@gmail.com
Deliver viral methodologies;1346.15;2025-03-11;West, Jones and Lutz;Otros;;andersonamber@taylor.com
Revolutionize viral eyeballs;1232.34;2024-12-17;Nelson, Ingram and Silva;Transporte;;zwhite@yahoo.com
Cultivate e-business roi;1308.47;2025-02-07;Wilson, Moore and Espinoza;Suministros;;bburke@hotmail.com
Re-intermediate plug-and-play web services;778.22;2025-05-23;White-Evans;Transporte;;brownlance@chavez.com
Utilize compelling initiatives;658.3;2024-11-21;Wilson, Smith and Nelson;Suministros;;baileyhill@oliver-fowler.com
Matrix cutting-edge methodologies;83.47;2025-06-20;Brown Group;Otros;;bburke@hotmail.com
Deploy b2b deliverables;1000.43;2024-10-07;Banks-Price;Transporte;;andrew74@gmail.com
Syndicate b2b info-mediaries;551.45;2025-05-15;Hansen Group;Oficina;;oconnormary@yahoo.com
Repurpose plug-and-play web-readiness;961.25;2024-10-24;Mccullough PLC;Suministros;;oconnormary@yahoo.com
Deploy e-business architectures;277.2;2025-04-27;Gray, Neal and Weiss;Suministros;;dylanpatrick@gmail.com
Deploy synergistic relationships;841.13;2025-03-11;Morgan, Berger and Rhodes;Suministros;;oconnormary@yahoo.com
Cultivate visionary portals;1323.79;2025-03-10;Hunter-Jones;Otros;;denise42@gmail.com
Matrix scalable schemas;664.42;2025-01-04;Allison-Hubbard;Oficina;;oconnormary@yahoo.com
Syndicate robust architectures;219.54;2025-03-04;Martin PLC;Transporte;;brownlance@chavez.com
Engineer seamless platforms;734.59;2025-03-19;Travis, Brown and Schneider;Transporte;;denise42@gmail.com
Implement proactive relationships;253.46;2025-02-05;Wood, Taylor and Sanchez;Otros;;tiffanywood@johnson-johnson.com
Drive web-enabled content;1175.7;2025-07-02;Smith Inc;Suministros;;delgadolisa@young.com
Drive viral e-services;366.14;2025-07-18;Wong-Baker;Suministros;;croberts@yahoo.com
Morph wireless roi;426.13;2024-08-06;Jacobson, Carter and Weaver;Otros;;denise42@gmail.com
Evolve front-end infrastructures;143.52;2025-01-26;Crawford and Sons;Suministros;;bburke@hotmail.com
Brand user-centric markets;266.99;2025-06-13;Dorsey Group;Oficina;;croberts@yahoo.com
Mesh transparent markets;550.86;2024-07-24;Fisher Group;Suministros;;croberts@yahoo.com
Implement frictionless architectures;1072.33;2025-02-07;Melton and Sons;Suministros;;denise42@gmail.com
Whiteboard strategic systems;878.48;2024-07-29;Williams, Cole and Jackson;Otros;;croberts@yahoo.com
Harness impactful markets;576.42;2025-05-19;Smith LLC;Oficina;;andrew74@gmail.com
Transform revolutionary e-commerce;556.65;2025-03-16;Mcmahon PLC;Otros;;baileyhill@oliver-fowler.com
Benchmark extensible e-commerce;1151.53;2025-02-23;Singh PLC;Suministros;;baileyhill@oliver-fowler.com
Incentivize customized systems;971.31;2025-03-18;Hunt, Graves and Lloyd;Transporte;;ynewton@hotmail.com
