concept;amount;date;client;category;invoiceUrl;user_email
Incentivize transparent mindshare;1700.93;2025-05-02;Ross-Mayer;Otros;;noah14@ryan.com
Scale interactive technologies;1169.11;2025-03-18;Weaver-Hicks;Ventas;;andersonamber@taylor.com
Extend back-end technologies;1312.44;2024-08-15;Walters and Sons;Servicios;;andrew74@gmail.com
Integrate next-generation e-tailers;777.89;2024-10-08;Robbins, Ross and Johnson;Otros;;bburke@hotmail.com
Extend cross-platform users;382.85;2024-08-04;George LLC;Consultoría;;zvaldez@henry.com
Iterate scalable partnerships;975.86;2024-12-28;Martinez Ltd;Otros;;croberts@yahoo.com
Incubate mission-critical metrics;568.28;2025-02-10;Ramirez LLC;Otros;;brownlance@chavez.com
Utilize impactful networks;1853.7;2024-11-25;Patton, Welch and Harvey;Servicios;;denise42@gmail.com
Exploit world-class technologies;1835.39;2024-10-20;Hawkins, Stephens and Johnson;Servicios;;baileyhill@oliver-fowler.com
Streamline out-of-the-box action-items;1454.81;2024-08-27;Lam, Jenkins and Bryant;Otros;;bburke@hotmail.com
Leverage dynamic niches;1631.9;2024-10-20;Higgins, Nguyen and Hernandez;Servicios;;carriesmith@wilson.com
Syndicate transparent systems;116.29;2024-08-26;Guerra-Brown;Otros;;bburke@hotmail.com
Synthesize leading-edge e-business;916.68;2025-01-25;Friedman-Cardenas;Otros;;andrew74@gmail.com
Disintermediate bricks-and-clicks vortals;771.2;2025-03-28;Christian Ltd;Servicios;;baileyhill@oliver-fowler.com
Leverage killer models;1354;2024-08-03;White, Howe and Ortiz;Ventas;;andrew74@gmail.com
Empower compelling channels;1711.57;2025-05-03;Lee, Riley and Mcdaniel;Ventas;;bburke@hotmail.com
Expedite cross-platform e-services;1102.38;2024-08-23;Fox-Shaw;Consultoría;;denise42@gmail.com
Implement customized models;1732.58;2024-12-30;Pitts, Brown and Smith;Servicios;;zwhite@yahoo.com
Incubate 24/7 niches;720.71;2024-11-13;Bentley LLC;Otros;;oconnormary@yahoo.com
Engineer frictionless experiences;1909.78;2025-04-07;Brooks-Martinez;Ventas;;delgadolisa@young.com
Reinvent impactful e-business;991.02;2025-06-20;Morris-Mckinney;Servicios;;andrew74@gmail.com
Incubate cross-media methodologies;243.4;2024-10-08;Ingram, Brooks and Jones;Otros;;carriesmith@wilson.com
Incubate cross-media initiatives;1098.75;2025-07-14;Murray Group;Servicios;;zwhite@yahoo.com
Repurpose vertical partnerships;173.15;2024-11-02;Lopez, Alvarado and Woodward;Otros;;oconnormary@yahoo.com
Integrate dot-com mindshare;1995.68;2025-06-12;Russell-Washington;Consultoría;;villegasalexis@yahoo.com
Extend 24/365 models;1961.79;2024-08-11;Kaiser-Pierce;Otros;;zvaldez@henry.com
Reinvent robust technologies;463.2;2025-04-07;Duncan, Woodward and Miller;Otros;;zchase@hotmail.com
Re-contextualize rich e-commerce;1573.62;2025-04-15;Brown, Pineda and Moore;Otros;;baileyhill@oliver-fowler.com
Generate front-end convergence;1450.12;2025-01-24;Good, Jones and Soto;Servicios;;bburke@hotmail.com
Streamline frictionless web-readiness;1398.67;2025-03-04;Mendoza Inc;Otros;;oconnormary@yahoo.com
Expedite distributed e-markets;1719.88;2025-03-06;Morris PLC;Ventas;;carriesmith@wilson.com
Evolve customized eyeballs;909.86;2024-09-23;Anderson LLC;Consultoría;;jessicavasquez@gmail.com
Facilitate turn-key interfaces;1416.83;2025-05-05;Bryant and Sons;Servicios;;delgadolisa@young.com
Benchmark interactive methodologies;198.75;2025-05-23;Gray, Parks and Taylor;Servicios;;andrew74@gmail.com
Leverage real-time roi;1054.9;2024-09-17;Henderson-Paul;Otros;;oconnormary@yahoo.com
Innovate killer partnerships;436.1;2024-07-31;Sanchez-Potter;Otros;;zwhite@yahoo.com
Extend b2b synergies;1425.16;2024-09-16;Bell-Hansen;Consultoría;;denise42@gmail.com
Aggregate b2b deliverables;285.1;2025-05-27;Ramirez-Henderson;Consultoría;;carriesmith@wilson.com
Harness 24/7 users;1653.25;2024-08-04;Rodgers-Sandoval;Consultoría;;zwhite@yahoo.com
Leverage customized e-markets;470.92;2025-03-23;Jones Inc;Ventas;;bburke@hotmail.com
